classifier_class,best_index,mean_mcc_on_train_folds,mean_auprc_on_train_folds,mean_mcc_on_held_out_folds,mean_auprc_on_held_out_folds,test_mcc,test_auprc,test_elapsed_time,xantomonas_mcc,xantomonas_auprc,xantomonas_elapsed_time,backbone
SVC,12,0.8176568138351354,0.9279416595724048,0.779768554051363,0.8898950444282765,0.7907189381849765,0.8979749704612873,1.7107178047299385,0.430528037239458,0.6845137287246833,9.15132499486208,6
XGBClassifier,3099,1.0,1.0,0.7810510676989987,0.890518776611785,0.8067497982022115,0.8833234700326236,3.8970543146133423,0.4993184580106286,0.7561157154183574,23.972858041524887,12
SVC,12,0.8739550188691132,0.9523654351234376,0.8176577894709766,0.9135314048307808,0.8067497982022115,0.9081730661225036,8.306930348277092,0.4895009915620116,0.7844850768152025,62.67037491500378,30
SVC,12,0.9129272662149768,0.9730402023482472,0.8436320495052373,0.9236287163340348,0.8301369863013699,0.9436828123781158,22.817423447966576,0.5637978412120161,0.8431252298584951,235.2475419640541,33
MLPClassifier,1,0.943948045960152,0.9651382306773024,0.8578073266607626,0.9340068617594938,0.8628643385329208,0.9420063475084732,107.68416410684586,0.5955458866739382,0.8571208279634261,857.4394614696503,36
MLPClassifier,1,0.9636227148579902,0.9729143137394188,0.8634901680594984,0.946041239553893,0.8697057708523505,0.9725216758751234,563.2595458999276,0.7510874107514118,0.9056458033076664,4852.356290958822,48
XGBClassifier,2811,1.0,1.0,0.7641704825361436,0.8934638216583917,0.7605471093145381,0.8986007618499154,6.843980520963669,0.4924139993148035,0.7351020279215434,22.70016123354435,protein_bert
SVC,12,0.9210659301714796,0.9787501151879565,0.858673413489981,0.939274910370429,0.9050770599866618,0.9580513732143396,83.85119253396988,0.6714614175908576,0.8784462197388261,575.1261723339558,prot_t5
MLPClassifier,17,0.9293370647010987,0.9772150869468517,0.8617927390987689,0.9453465514481267,0.9065990763244981,0.9560117511940237,67.93446382880211,0.6806111650671943,0.8780065301486025,609.247299157083,prot_t5_half